{"[fold0] loss": 2.2931554317474365, "[fold0] lr": 1.9999977038426658e-05, "_timestamp": 1665681450, "_runtime": 49, "_step": 0, "_wandb": {"runtime": 51}}